{"sfx_volume": 1.3877787807814457e-17, "music_volume": 1.3877787807814457e-17, "controls": {}}